<?xml version="1.0" encoding="UTF-8"?>
<csw:GetRecordByIdResponse xmlns:csw="http://www.opengis.net/cat/csw/2.0.2">
  <gmd:MD_Metadata xmlns:gmd="http://www.isotc211.org/2005/gmd" xmlns:xsi="http://www.w3.org/2001/XMLSchema-instance" xmlns:gco="http://www.isotc211.org/2005/gco" xmlns:gts="http://www.isotc211.org/2005/gts" xmlns:gml="http://www.opengis.net/gml" xmlns:geonet="http://www.fao.org/geonetwork">
    <gmd:fileIdentifier>
      <gco:CharacterString>524a9b28-c8e8-4ce8-85c5-ddbf6af4b88f</gco:CharacterString>
    </gmd:fileIdentifier>
    <gmd:language>
      <gco:CharacterString>en</gco:CharacterString>
    </gmd:language>
    <gmd:characterSet>
      <gmd:MD_CharacterSetCode codeList="./resources/codeList.xml#MD_CharacterSetCode" codeListValue="utf8" />
    </gmd:characterSet>
    <gmd:hierarchyLevel>
      <gmd:MD_ScopeCode codeList="./resources/codeList.xml#MD_ScopeCode" codeListValue="dataset" />
    </gmd:hierarchyLevel>
    <gmd:hierarchyLevelName>
      <gco:CharacterString>dataset</gco:CharacterString>
    </gmd:hierarchyLevelName>
    <gmd:dateStamp>
      <gco:DateTime>2011-05-05T10:46:45</gco:DateTime>
    </gmd:dateStamp>
    <gmd:metadataStandardName>
      <gco:CharacterString>ISO 19115:2003/19139</gco:CharacterString>
    </gmd:metadataStandardName>
    <gmd:metadataStandardVersion>
      <gco:CharacterString>1.0</gco:CharacterString>
    </gmd:metadataStandardVersion>
    <gmd:referenceSystemInfo>
      <gmd:MD_ReferenceSystem>
        <gmd:referenceSystemIdentifier>
          <gmd:RS_Identifier>
            <gmd:code>
              <gco:CharacterString>GCS_WGS_1984</gco:CharacterString>
            </gmd:code>
          </gmd:RS_Identifier>
        </gmd:referenceSystemIdentifier>
      </gmd:MD_ReferenceSystem>
    </gmd:referenceSystemInfo>
    <gmd:identificationInfo>
      <gmd:MD_DataIdentification>
        <gmd:citation>
          <gmd:CI_Citation>
            <gmd:title>
              <gco:CharacterString>Economical exposition to flood</gco:CharacterString>
            </gmd:title>
            <gmd:citedResponsibleParty>
              <gmd:CI_ResponsibleParty>
                <gmd:individualName>
                  <gco:CharacterString>Christian Herold</gco:CharacterString>
                </gmd:individualName>
                <gmd:organisationName>
                  <gco:CharacterString>UNEP/DEWA/GRID-Europe</gco:CharacterString>
                </gmd:organisationName>
                <gmd:positionName>
                  <gco:CharacterString>GIS Analyst</gco:CharacterString>
                </gmd:positionName>
                <gmd:contactInfo>
                  <gmd:CI_Contact>
                    <gmd:phone>
                      <gmd:CI_Telephone>
                        <gmd:voice>
                          <gco:CharacterString>(+41 22) 917 87 42</gco:CharacterString>
                        </gmd:voice>
                        <gmd:facsimile>
                          <gco:CharacterString>+41 22 917 8029</gco:CharacterString>
                        </gmd:facsimile>
                      </gmd:CI_Telephone>
                    </gmd:phone>
                    <gmd:address>
                      <gmd:CI_Address>
                        <gmd:deliveryPoint>
                          <gco:CharacterString>11, ch. des Anémones</gco:CharacterString>
                        </gmd:deliveryPoint>
                        <gmd:city>
                          <gco:CharacterString>Châtelaine</gco:CharacterString>
                        </gmd:city>
                        <gmd:administrativeArea>
                          <gco:CharacterString>Genève</gco:CharacterString>
                        </gmd:administrativeArea>
                        <gmd:postalCode>
                          <gco:CharacterString>1219</gco:CharacterString>
                        </gmd:postalCode>
                        <gmd:country>
                          <gco:CharacterString>CH</gco:CharacterString>
                        </gmd:country>
                        <gmd:electronicMailAddress>
                          <gco:CharacterString>Christian.Herold@grid.unep.ch</gco:CharacterString>
                        </gmd:electronicMailAddress>
                      </gmd:CI_Address>
                    </gmd:address>
                  </gmd:CI_Contact>
                </gmd:contactInfo>
                <gmd:role>
                  <gmd:CI_RoleCode codeList="./resources/codeList.xml#CI_RoleCode" codeListValue="custodian" />
                </gmd:role>
              </gmd:CI_ResponsibleParty>
            </gmd:citedResponsibleParty>
            <gmd:citedResponsibleParty>
              <gmd:CI_ResponsibleParty>
                <gmd:organisationName>
                  <gco:CharacterString>UNEP/DEWA/GRID-Europe</gco:CharacterString>
                </gmd:organisationName>
              </gmd:CI_ResponsibleParty>
            </gmd:citedResponsibleParty>
          </gmd:CI_Citation>
        </gmd:citation>
        <gmd:abstract>
          <gco:CharacterString>This dataset includes an estimate of the annual economical exposition to flood.

It is based on four sources:
1) A GIS modeling using a statistical estimation of peak-flow magnitude and a hydrological model using HydroSHEDS dataset and the Manning equation to estimate river stage for the calculated discharge value.
2) Observed flood from 1999 to 2007, obtained from the Dartmouth Flood Observatory (DFO).
3) The frequency was set using the frequency from UNEP/GRID-Europe PREVIEW flood dataset. In area where no information was available, it was set to 50 years returning period. 4) A population grid for the year 2010, provided by LandScanTM Global Population Database (Oak Ridge, TN: Oak Ridge National Laboratory).
4) A Global Domestic Product grid for the year 2010, provided by the World Bank.

Unit is expected average annual GDP (2010 as the year of reference) exposed in (US $, year 2000 equivalent).

This product was designed by UNEP/GRID-Europe for the Global Assessment Report on Risk Reduction (GAR). It was modeled using global data.

Credit: GIS processing UNEP/GRID-Europe, with key support from USGS EROS Data Center, Dartmouth Flood Observatory 2008.</gco:CharacterString>
        </gmd:abstract>
        <gmd:pointOfContact>
          <gmd:CI_ResponsibleParty>
            <gmd:individualName>
              <gco:CharacterString>Pascal Peduzzi</gco:CharacterString>
            </gmd:individualName>
            <gmd:organisationName>
              <gco:CharacterString>UNEP/DEWA/GRID-Europe</gco:CharacterString>
            </gmd:organisationName>
            <gmd:positionName>
              <gco:CharacterString>Head of Early Warning Unit</gco:CharacterString>
            </gmd:positionName>
            <gmd:contactInfo>
              <gmd:CI_Contact>
                <gmd:phone>
                  <gmd:CI_Telephone>
                    <gmd:voice>
                      <gco:CharacterString>(+41 22) 917 82 37</gco:CharacterString>
                    </gmd:voice>
                    <gmd:facsimile>
                      <gco:CharacterString>+41 22 917 8029</gco:CharacterString>
                    </gmd:facsimile>
                  </gmd:CI_Telephone>
                </gmd:phone>
                <gmd:address>
                  <gmd:CI_Address>
                    <gmd:deliveryPoint>
                      <gco:CharacterString>11, ch. des Anémones</gco:CharacterString>
                    </gmd:deliveryPoint>
                    <gmd:city>
                      <gco:CharacterString>Châtelaine</gco:CharacterString>
                    </gmd:city>
                    <gmd:administrativeArea>
                      <gco:CharacterString>Genève</gco:CharacterString>
                    </gmd:administrativeArea>
                    <gmd:postalCode>
                      <gco:CharacterString>1219</gco:CharacterString>
                    </gmd:postalCode>
                    <gmd:country>
                      <gco:CharacterString>CH</gco:CharacterString>
                    </gmd:country>
                    <gmd:electronicMailAddress>
                      <gco:CharacterString>Pascal.Peduzzi@grid.unep.ch</gco:CharacterString>
                    </gmd:electronicMailAddress>
                  </gmd:CI_Address>
                </gmd:address>
              </gmd:CI_Contact>
            </gmd:contactInfo>
            <gmd:role>
              <gmd:CI_RoleCode codeList="./resources/codeList.xml#CI_RoleCode" codeListValue="pointOfContact" />
            </gmd:role>
          </gmd:CI_ResponsibleParty>
        </gmd:pointOfContact>
        <gmd:resourceConstraints>
          <gmd:MD_Constraints>
            <gmd:useLimitation>
              <gco:CharacterString>This dataset was generated using global dataset, it should not be used for local applications (such as land planning). The only purpose was to identify flood areas at global level and for identification of areas where more detailed data should be collected. Some flooded areas are clearly underestimated, for example in coastal areas or large flood plains.  This analysis was conducted using global datasets, the resolution of which is not relevant for in-situ planning and should not be used for life and death decisions. UNEP and collaborators should in no case be liable for misuse of the presented results.  The designations employed and the presentation of material on the maps do not imply the expression of any opinion whatsoever on the part of UNEP or the Secretariat of the United Nations concerning the legal status of any country, territory, city or area or of its authorities, or concerning the delimitation of its frontiers or boundaries.</gco:CharacterString>
            </gmd:useLimitation>
            <gmd:useLimitation>
              <gco:CharacterString>The data can be downloaded and used for free for scientific and non-profit making purpose without any specific permission. We would, however, appreciate if the users let us know how this data was used and to receive a copy of any related publication, this in order to better identify the needs of the users. It is requested that the users cite the references accordingly in their publications. Profit-making institutions should contact earlywarning(at)grid.unep.ch prior downloading the information.</gco:CharacterString>
            </gmd:useLimitation>
          </gmd:MD_Constraints>
          <gmd:MD_LegalConstraints>
            <gmd:accessConstraints>
              <gmd:MD_RestrictionCode codeList="./resources/codeList.xml#MD_RestrictionCode" codeListValue="copyright" />
            </gmd:accessConstraints>
          </gmd:MD_LegalConstraints>
        </gmd:resourceConstraints>
        <gmd:spatialRepresentationType>
          <gmd:MD_SpatialRepresentationTypeCode codeList="./resources/codeList.xml#MD_SpatialRepresentationTypeCode" codeListValue="grid" />
        </gmd:spatialRepresentationType>
        <gmd:language>
          <gco:CharacterString>en</gco:CharacterString>
        </gmd:language>
        <gmd:topicCategory>
          <gmd:MD_TopicCategoryCode>climatologyMeteorologyAtmosphere</gmd:MD_TopicCategoryCode>
        </gmd:topicCategory>
        <gmd:extent>
          <gmd:EX_Extent>
            <gmd:geographicElement>
              <gmd:EX_GeographicBoundingBox>
                <gmd:westBoundLongitude>
                  <gco:Decimal>-180</gco:Decimal>
                </gmd:westBoundLongitude>
                <gmd:southBoundLatitude>
                  <gco:Decimal>-90</gco:Decimal>
                </gmd:southBoundLatitude>
                <gmd:eastBoundLongitude>
                  <gco:Decimal>180</gco:Decimal>
                </gmd:eastBoundLongitude>
                <gmd:northBoundLatitude>
                  <gco:Decimal>85</gco:Decimal>
                </gmd:northBoundLatitude>
              </gmd:EX_GeographicBoundingBox>
            </gmd:geographicElement>
          </gmd:EX_Extent>
        </gmd:extent>
      </gmd:MD_DataIdentification>
    </gmd:identificationInfo>
    <gmd:distributionInfo>
      <gmd:MD_Distribution>
        <gmd:transferOptions>
          <gmd:MD_DigitalTransferOptions>
            <gmd:onLine>
              <gmd:CI_OnlineResource>
                <gmd:linkage>
                  <gmd:URL>http://preview.grid.unep.ch/index.php?preview=data&amp;events=floods&amp;evcat=4</gmd:URL>
                </gmd:linkage>
              </gmd:CI_OnlineResource>
            </gmd:onLine>
            <gmd:onLine>
              <gmd:CI_OnlineResource>
                <gmd:linkage>
                  <gmd:URL>http://preview.grid.unep.ch:8080/geoserver/wms?</gmd:URL>
                </gmd:linkage>
              </gmd:CI_OnlineResource>
            </gmd:onLine>
          </gmd:MD_DigitalTransferOptions>
        </gmd:transferOptions>
      </gmd:MD_Distribution>
    </gmd:distributionInfo>
    <gmd:dataQualityInfo>
      <gmd:DQ_DataQuality />
    </gmd:dataQualityInfo>
  </gmd:MD_Metadata>
</csw:GetRecordByIdResponse>

